kanji,jlpt_level,meanings
一,N5,one|one radical (no.1)
七,N5,seven
万,N5,"10,000|ten thousand"
三,N5,three
上,N5,above|up
下,N5,below|descend|down|give|inferior|low
中,N5,center|in|inside|mean|middle
九,N5,nine
二,N5,two|two radical (no. 7)
五,N5,five
人,N5,person
今,N5,now
休,N5,day off|rest|retire|sleep
何,N5,what
先,N5,ahead|before|future|precedence|previous
入,N5,enter|insert
八,N5,eight|eight radical (no. 12)
六,N5,six
円,N5,circle|round|yen
出,N5,come out|exit|go out|leave|protrude|put out
前,N5,before|in front
北,N5,north
十,N5,ten
千,N5,thousand
午,N5,11AM-1PM|noon|seventh sign of Chinese zodiac|sign of the horse
半,N5,half|middle|odd number|part-|semi-
南,N5,south
友,N5,friend
右,N5,right
名,N5,distinguished|name|noted|reputation
四,N5,four
国,N5,country
土,N5,Turkey|earth|ground|soil
外,N5,outside
大,N5,big|large
天,N5,heavens|imperial|sky
女,N5,female|woman
子,N5,11PM-1AM|child|first sign of Chinese zodiac|sign of the rat
学,N5,learning|science|study
小,N5,little|small
山,N5,mountain
川,N5,river|river or three-stroke river radical (no. 47)|stream
左,N5,left
年,N5,counter for years|year
後,N5,back|behind|later
日,N5,Japan|counter for days|day|sun
時,N5,hour|time
書,N5,write
月,N5,month|moon
木,N5,tree|wood
本,N5,book|counter for long cylindrical things|main|origin|present|real|true
来,N5,become|cause|come|due|next
東,N5,east
校,N5,correction|exam|printing|proof|school
母,N5,mother
毎,N5,every
気,N5,air|atmosphere|mind|mood|spirit
水,N5,water
火,N5,fire
父,N5,father
生,N5,birth|genuine|life
男,N5,male
白,N5,white
百,N5,hundred
聞,N5,ask|hear|listen
行,N5,act|bank|carry out|conduct|going|journey|line|row
西,N5,Spain|west
見,N5,chances|hopes|idea|look at|opinion|see|visible
話,N5,tale|talk
語,N5,language|speech|word
読,N5,read
車,N5,car
金,N5,gold
長,N5,leader|long|senior|superior
間,N5,interval|space
雨,N5,rain
電,N5,electricity
食,N5,eat|food
高,N5,expensive|high|tall
不,N4,bad|clumsy|negative|non-|ugly
世,N4,generation|public|society|world
主,N4,chief|lord|main thing|master|principal
事,N4,business|fact|matter|possibly|reason|thing
京,N4,10**16|capital
仕,N4,attend|doing|official|serve
代,N4,"age|change|charge|convert|counter for decades of ages, eras, etc.|fee|generation|period|rate|replace|substitute"
以,N4,because|by means of|compared with|in view of
会,N4,association|interview|join|meet|meeting|party
住,N4,dwell|inhabit|live|reside
体,N4,body|counter for images|object|reality|substance
作,N4,build|make|prepare|production
使,N4,ambassador|cause|envoy|messenger|order|send on a mission|use
借,N4,borrow|rent
元,N4,beginning|former time|origin
兄,N4,big brother|elder brother
公,N4,governmental|official|prince|public
写,N4,be photographed|copy|describe
冬,N4,winter
切,N4,be sharp|cut|cutoff
別,N4,another|branch off|diverge|extra|fork|separate|specially
力,N4,bear up|exert|power|strain|strength|strong
勉,N4,diligent|encourage|endeavour|exertion|make effort|strive
動,N4,change|confusion|motion|move|shake|shift
医,N4,doctor|medicine
去,N4,divorce|elapse|eliminate|gone|leave|past|quit
口,N4,mouth
古,N4,old
台,N4,a stand|counter for machines and vehicles|pedestal
同,N4,agree|equal|same
味,N4,flavor|taste
品,N4,article|counter for meal courses|dignity|goods|refinement
員,N4,employee|member|number|the one in charge
問,N4,ask|problem|question
図,N4,audacious|drawing|extraordinary|map|plan
地,N4,earth|ground
堂,N4,hall|public chamber
場,N4,location|place
売,N4,sell
夏,N4,summer
夕,N4,evening
多,N4,frequent|many|much
夜,N4,evening|night
妹,N4,younger sister
姉,N4,elder sister
始,N4,begin|commence
字,N4,character|letter|section of village|word
安,N4,cheap|contented|low|peaceful|quiet|relax|rested
室,N4,apartment|cellar|chamber|greenhouse|room
家,N4,expert|family|home|house|performer|professional
少,N4,few|little
屋,N4,dealer|house|roof|seller|shop
工,N4,construction|craft|katakana e radical (no. 48)
帰,N4,arrive at|homecoming|lead to|result in
広,N4,broad|spacious|wide
店,N4,shop|store
度,N4,attitude|consider|counter for occurrences|degrees|occurrence|time
建,N4,build
弟,N4,faithful service to elders|younger brother
強,N4,strong
待,N4,depend on|wait
心,N4,heart|heart radical (no. 61)|mind|spirit
思,N4,think
急,N4,emergency|hurry|steep|sudden
悪,N4,bad|evil|false|rascal|vice|wrong
意,N4,care|desire|heart|idea|liking|mind|taste|thought
手,N4,hand
持,N4,have|hold
教,N4,doctrine|faith|teach
文,N4,art|decoration|figures|literary radical (no. 67)|literature|plan|sentence|style
料,N4,fee|materials
新,N4,new
方,N4,alternative|direction|person
旅,N4,travel|trip
族,N4,family|tribe
早,N4,early|fast
明,N4,bright|light
映,N4,projection|reflect|reflection
春,N4,spring (season)|springtime
昼,N4,daytime|noon
曜,N4,weekday
有,N4,approx|exist|happen|have|occur|possess
服,N4,admit|clothing|discharge|obey
朝,N4,(North) Korea|dynasty|epoch|morning|period|regime
業,N4,arts|business|performance|vocation
楽,N4,comfort|ease|music
歌,N4,sing|song
止,N4,halt|stop
正,N4,10**40|correct|justice|righteous
歩,N4,counter for steps|walk
死,N4,death|die
注,N4,annotate|comment|concentrate on|flow into|irrigate|notes|pour|shed (tears)
洋,N4,Western style|foreign|ocean|sea
海,N4,ocean|sea
漢,N4,China|Sino-
牛,N4,cow
物,N4,matter|object|thing
特,N4,special
犬,N4,dog
理,N4,arrangement|justice|logic|reason|truth
用,N4,business|employ|service|use|utilize
田,N4,rice field|rice paddy
町,N4,block|street|town|village
画,N4,brush-stroke|picture
界,N4,boundary|world
病,N4,ill|sick
発,N4,counter for gunshots|departure|discharge|disclose|emit|publish|start from
目,N4,care|class|experience|eye|favor|insight|look
真,N4,Buddhist sect|reality|true
着,N4,arrive|counter for suits of clothing|don|wear
知,N4,know|wisdom
研,N4,polish|sharpen|study of
社,N4,association|company|firm|office|shrine
私,N4,I|me|private
秋,N4,autumn
究,N4,research|study
空,N4,empty|sky|vacant|vacuum|void
立,N4,erect|rise|set up|stand up
答,N4,answer|solution
紙,N4,paper
終,N4,end|finish
習,N4,learn
考,N4,consider|think over
者,N4,person|someone
肉,N4,meat
自,N4,oneself
色,N4,color
花,N4,flower
英,N4,England|English|calyx|hero|outstanding
茶,N4,tea
親,N4,dealer (cards)|familiarity|intimacy|parent|relative
言,N4,say|word
計,N4,measure|plan|plot|scheme
試,N4,attempt|experiment|ordeal|test|try
買,N4,buy
貸,N4,lend
質,N4,matter|quality|substance|temperament
赤,N4,red
走,N4,run
起,N4,get up|rouse|wake up
足,N4,be sufficient|counter for pairs of footwear|foot|leg
転,N4,change|revolve|turn around
近,N4,akin|early|near|tantamount
送,N4,escort|send
通,N4,"avenue|commute|counter for letters, notes, documents, etc.|pass through|traffic"
週,N4,week
運,N4,advance|carry|destiny|fate|lot|luck|progress|transport
道,N4,course|district|journey|moral|road-way|street|teachings
重,N4,-fold|esteem|heap up|heavy|important|nest of boxes|pile up|respect
野,N4,civilian life|field|plains|rustic
銀,N4,silver
開,N4,open|unfold|unseal
院,N4,Inst.|institution|mansion|school|temple
集,N4,congregate|flock|gather|meet|swarm
青,N4,blue|green
音,N4,noise|sound
題,N4,subject|topic
風,N4,air|manner|style|wind
飯,N4,boiled rice|meal
飲,N4,drink|smoke|take
館,N4,building|large building|mansion|palace
駅,N4,station
験,N4,effect|testing|verification
魚,N4,fish
鳥,N4,bird|chicken
黒,N4,black
与,N3,award|bestow|cause|gift|give|godsend|impart|participate in|provide
両,N3,"both|counter for carriages (e.g., in a train)|old Japanese coin|two"
乗,N3,board|counter for vehicles|join|mount|multiplication|power|record|ride
予,N3,I|beforehand|myself|previous
争,N3,argue|contend|dispute
互,N3,mutually|reciprocally|together
亡,N3,deceased|dying|perish|the late
交,N3,association|coming & going|mingle|mixing
他,N3,another|other|the others
付,N3,adhere|append|attach|refer to
件,N3,affair|case|item|matter
任,N3,appoint|duty|entrust to|responsibility|term
伝,N3,communicate|follow|go along|legend|report|tradition|transmit|walk along
似,N3,becoming|counterfeit|imitate|resemble|suitable
位,N3,about|crown|grade|rank|some|throne
余,N3,myself|other|remainder|surplus|too much
例,N3,custom|example|precedent|usage
供,N3,accompany|offer|present|serve (meal)|submit
便,N3,chance|convenience|excrement|facility|feces|letter
係,N3,concern oneself|connection|duty|person in charge
信,N3,faith|fidelity|trust|truth
倒,N3,break down|collapse|drop|fall|overthrow
候,N3,climate|expect|season|wait for|weather
値,N3,cost|price|value
偉,N3,admirable|conceited|excellent|famous|greatness|remarkable
側,N3,lean|oppose|regret|side
偶,N3,accidentally|couple|even number|man & wife|same kind
備,N3,equip|preparation|provision
働,N3,(kokuji)|work
優,N3,actor|excel|gentleness|superiority|surpass|tenderness
光,N3,light|ray
全,N3,all|complete|entire|fulfill|whole
共,N3,alike|all|and|both|neither|together|with
具,N3,"counter for armor, suits, sets of furniture|ingredients|means|possess|tool|utensil"
内,N3,among|between|home|house|inside|within
冷,N3,"chill|cold (beer, person)|cool"
処,N3,act|behave|condemn|deal with|dispose|manage|place|sentence
列,N3,column|file|rank|row|tier
初,N3,beginning|first time
判,N3,judgement|judgment|seal|signature|stamp
利,N3,advantage|benefit|profit
到,N3,arrival|attain|proceed|reach|result in
制,N3,law|rule|system
刻,N3,carving|chop|cut fine|engrave|hash|mince|time
割,N3,comparatively|cut|divide|proportion|separate|split
加,N3,Canada|add|addition|include|increase|join
助,N3,assist|help|rescue
努,N3,as much as possible|diligent|toil
労,N3,labor|reward for|thank for|toil|trouble
務,N3,duties|task
勝,N3,excel|prevail|victory|win
勤,N3,become employed|diligence|serve
化,N3,-ization|change|delude|enchant|influence|take the form of
単,N3,merely|one|simple|single
危,N3,dangerous|fear|uneasy
原,N3,field|meadow|original|plain|prairie|primitive|tundra|wilderness
参,N3,be defeated|be madly in love|coming|die|going|nonplussed|participate|take part in|three (in documents)|visit|visiting
反,N3,anti-
収,N3,income|obtain|pay|reap|store|supply
取,N3,fetch|take|take up
受,N3,accept|answer (phone)|catch|get|receive|take|undergo
号,N3,call|item|name|nickname|number|pseudonym|title
合,N3,0.1|fit|join|suit
向,N3,approach|beyond|confront|defy|facing|tend toward|yonder
君,N3,male name suffix|mister|ruler|you
否,N3,decline|deny|negate|no|noes|refuse
吸,N3,imbibe|inhale|sip|suck
吹,N3,blow|breathe|emit|puff|smoke
告,N3,announce|inform|revelation|tell
呼,N3,call|call out to|invite
命,N3,appoint|command|decree|destiny|fate|life
和,N3,Japan|Japanese style|harmony|peace|soften
商,N3,dealing in|make a deal|merchant|selling
喜,N3,rejoice|take pleasure in
回,N3,-times|counter for occurrences|game|revolve|round
因,N3,be associated with|be limited to|cause|depend on|factor
困,N3,annoyed|become distressed|quandary
園,N3,farm|garden|park|yard
在,N3,exist|located in|outskirts|suburbs
報,N3,news|report|retribution|reward
増,N3,add|augment|gain|increase|promote
声,N3,voice
変,N3,change|strange|unusual
夢,N3,dream|illusion|vision
太,N3,big around|plump|thick
夫,N3,husband|man
失,N3,disadvantage|error|fault|lose|loss
好,N3,fond|like something|pleasing
妻,N3,spouse|wife
娘,N3,daughter|girl
婚,N3,marriage
婦,N3,bride|lady|wife|woman
存,N3,be aware of|believe|exist|feel|suppose
宅,N3,home|house|my husband|our house|residence
守,N3,defend|guard|obey|protect
完,N3,completion|end|perfect
官,N3,bureaucrat|organ|the government
定,N3,decide|determine|establish|fix
実,N3,fruit|nut|reality|seed|truth
客,N3,client|customer|guest|visitor
害,N3,harm|injury
容,N3,contain|form|looks
宿,N3,be pregnant|dwell|dwelling|home|inn|lodge|lodging|relay station
寄,N3,bring near|collect|draw near|forward|gather|send|stop in
富,N3,abundant|enrich|wealth
寒,N3,cold
寝,N3,bed|lie down|remain unsold|rest|sleep
察,N3,guess|judge|presume|surmise|understand
対,N3,anti-|compare|equal|even|opposite|versus|vis-a-vis
局,N3,affair|board|bureau|conclusion|court lady|her apartment|lady-in-waiting|office
居,N3,exist|live with|reside|to be
差,N3,balance|difference|discrepancy|distinction|margin|variation
市,N3,city|market|town
師,N3,army (incl. counter)|exemplar|expert|master|model|teacher|war
席,N3,mat|occasion|place|seat
常,N3,always|common|continually|long-lasting|normal|ordinary|regular|usual
平,N3,even|flat|peace
幸,N3,blessing|fortune|happiness
幾,N3,how far|how long|how many|how much|several|some
座,N3,cushion|gathering|seat|sit|squat
庭,N3,courtyard|garden|yard
式,N3,ceremony|expression|form|function|method|rite|style|system
引,N3,admit|install|jerk|pull|quote|refer to|tug
当,N3,appropriate|himself|hit|right
形,N3,form|shape|style
役,N3,campaign|drafted labor|duty|office|role|service|war
彼,N3,he|that|the
徒,N3,emptiness|ephemeral thing|futility|gang|junior|on foot|party|people|set|uselessness|vanity
得,N3,able to|acquire|advantage|benefit|can|earn|find|gain|get|may|profit
御,N3,govern|honorable|manipulate
必,N3,certain|inevitable|invariably
忘,N3,forget
忙,N3,busy|occupied|restless
念,N3,attention|desire|feeling|idea|sense|thought|wish
怒,N3,angry|be offended
怖,N3,be frightened|dreadful|fearful
性,N3,gender|nature|sex
恐,N3,awe|dread|fear
恥,N3,dishonor|shame
息,N3,breath|coming to an end|interest (on money)|nuture|respiration|rest|son
悲,N3,deplore|grieve|regret|sad
情,N3,circumstances|emotion|facts|feelings|passion|sympathy
想,N3,concept|idea|think|thought
愛,N3,affection|favourite|love
感,N3,emotion|feeling|sensation
慣,N3,accustomed|become experienced|get used to
成,N3,become|elapse|get|grow|reach|turn into
戦,N3,battle|match|war
戻,N3,go backwards|re-|restore|resume|return|revert
所,N3,extent|place
才,N3,cubic shaku|genius|years old
打,N3,dozen|hit|knock|pound|strike
払,N3,banish|clear out|dispose of|pay|prune
投,N3,abandon|discard|give up|hurl|invest in|join|launch into|sell at a loss|throw
折,N3,bend|break|fold|fracture|submit|yield
抜,N3,extract|omit|pilfer|pull out|quote|remove|slip out
抱,N3,embrace|hold in arms|hug
押,N3,attach|check|do in spite of|press|push|seal|seize|shove|stop|subdue|weight
招,N3,beckon|engage|invite|summon
指,N3,finger|indicate|measure (ruler)|play (chess)|point to|put into
捕,N3,capture|catch
掛,N3,arrive at|depend|hang|pour|suspend|tax
探,N3,grope|look for|search
支,N3,branch|branch radical (no. 65)|support|sustain
放,N3,banish|emit|fire|liberate|release|set free|shoot
政,N3,government|politics
敗,N3,defeat|failure|reversal
散,N3,disperse|scatter|spend|squander
数,N3,fate|figures|law|number|strength
断,N3,apologize|cutting|decision|decline|dismiss|judgement|prohibit|refuse|severance|warn
易,N3,divination|easy|fortune-telling|ready to|simple
昔,N3,antiquity|old times|once upon a time
昨,N3,previous|yesterday
晩,N3,night|nightfall
景,N3,scenery|view
晴,N3,clear up
暗,N3,be blinded|darkness|disappear|grow dark|informal|shade
暮,N3,evening|livelihood|make a living|season's end|spend time|twilight
曲,N3,bend|composition|crooked|curve|fault|injustice|lean|melody|music|perverse|pleasure
更,N3,again|further|grow late|more and more|night watch|of course|renew|renovate|sit up late
最,N3,extreme|most|utmost
望,N3,ambition|aspire to|desire|expect|full moon|hope
期,N3,date|period|term|time
未,N3,1-3PM|eighth sign of Chinese zodiac|even now|hitherto|not yet|sign of the ram|still|un-
末,N3,close|end|posterity|powder|tip
束,N3,bundle|control|govern|manage|ream|sheaf|tie in bundles
杯,N3,counter for cupfuls|glass|toast|wine glass
果,N3,achieve|carry out|complete|end|finish|fruit|reward|succeed
格,N3,"capacity|case (law, grammar)|character|rank|status"
構,N3,appearance|build|posture|set up|stance
様,N3,Esq.|manner|polite suffix|situation|way
権,N3,authority|power|rights
横,N3,horizontal|perverse|side|sideways|unreasonable|width|woof
機,N3,airplane|efficacy|loom|machine|mechanism|occasion|opportunity|potency
欠,N3,fail|gap|lack|yawning radical (no. 76)
次,N3,next|order|sequence
欲,N3,covetousness|craving|desire|greed|longing|passion
歯,N3,cog|tooth
歳,N3,age|occasion|opportunity|year-end
残,N3,balance|leftover|remainder
段,N3,grade|stairs|steps
殺,N3,butcher|diminish|kill|murder|reduce|slice off|split|spoil
民,N3,nation|people|subjects
求,N3,demand|request|require|want|wish for
決,N3,agree upon|appoint|decide|fix
治,N3,be at peace|calm down|conserve|cure|govt|heal|quell|reign|rule|subdue
法,N3,law|method|model|principle|rule|system
泳,N3,swim
洗,N3,inquire into|probe|wash
活,N3,being helped|lively|living|resuscitation
流,N3,a sink|current|flow|forfeit
浮,N3,float|floating|rise to surface
消,N3,blow out|cancel|extinguish|neutralize|turn off
深,N3,deep|heighten|intensify|strengthen
済,N3,"come to an end|excusable|finish|need not|relieve (burden)|settle (debt, etc.)"
渡,N3,cross|deliver|diameter|ferry|ford|import|migrate|transit
港,N3,harbor
満,N3,enough|full|fullness|satisfy
演,N3,act|performance|play|render|stage
点,N3,decimal point|mark|point|speck|spot
然,N3,if so|in that case|so|sort of thing|well
煙,N3,smoke
熱,N3,fever|heat|mania|passion|temperature
犯,N3,crime|offense|sin
状,N3,appearance|circumstances|conditions|form|status quo
猫,N3,cat
王,N3,king|magnate|rule
現,N3,actual|existing|present
球,N3,ball|sphere
産,N3,bear|childbirth|give birth|native|products|property|yield
由,N3,a reason|wherefore
申,N3,3-5PM|have the honor to|ninth sign of Chinese zodiac|sign of the monkey
留,N3,detain|fasten|halt|stop
番,N3,number in a series|turn
疑,N3,be suspicious|distrust|doubt|question
疲,N3,exhausted|tire|weary
痛,N3,bruise|damage|hurt|pain
登,N3,ascend|climb up
皆,N3,all|everything
盗,N3,pilfer|rob|steal
直,N3,fix|frankness|honesty|repair|straightaway
相,N3,aspect|councillor|each other|inter-|minister of state|mutual|phase|physiognomy|together
眠,N3,die|sleep|sleepy
石,N3,stone
破,N3,break|defeat|destroy|frustrate|rend|rip|tear
確,N3,assurance|clear|confirm|evident|firm|hard|solid|tight
示,N3,display|express|indicate|point out|show
礼,N3,bow|ceremony|remuneration|salute|thanks
祖,N3,ancestor|founder|pioneer
神,N3,gods|mind|soul
福,N3,blessing|fortune|luck|wealth
科,N3,course|department|section
程,N3,amount|degree|distance|extent|formula|law|limits
種,N3,class|kind|seed|species|variety
積,N3,acreage|amass|contents|load|pile up|product (x*y)|stack|volume
突,N3,collision|pierce|prick|protruding|stab|sudden|thrust
窓,N3,pane|window
笑,N3,laugh
等,N3,and so forth|class (first)|equal|etc.|quality|similar
箱,N3,bin|box|case|chest|railway car
米,N3,USA|metre|rice
精,N3,energy|excellence|fairy|ghost|purity|refined|semen|skill|vitality
約,N3,approximately|promise|shrink
組,N3,assemble|association|braid|construct|cooperate|grapple|plait|unite
経,N3,expire|longitude|pass thru|sutra|warp
給,N3,allow|bestow on|gift|grant|salary|wage
絵,N3,drawing|painting|picture|sketch
絶,N3,abstain|be beyond|cut off|discontinue|interrupt|peerless|sever|suppress|unparalleled|without match
続,N3,continue|sequel|series
緒,N3,beginning|cord|end|inception|mental or emotional state|strap|thong
罪,N3,blame|crime|fault|guilt|offense|sin
置,N3,deposit|employ|keep|leave behind|pawn|placement|put|set
美,N3,beautiful|beauty
老,N3,grow old|old age|old man
耳,N3,ear
職,N3,employment|post|work
育,N3,bring up|grow up|raise|rear
背,N3,back|behind|defy|disobey|go back on|height|rebel|stature
能,N3,ability|capacity|skill|talent
腹,N3,abdomen|belly|stomach
舞,N3,circle|dance|flit|wheel
船,N3,boat|ship
良,N3,good|pleasing|skilled
若,N3,if|immature|low number|perhaps|possibly|young
苦,N3,feel bitter|hardship|scowl|suffering|trial|worry
草,N3,draft|grass|herbs|pasture|weeds|write
落,N3,come down|drop|fall|hamlet|village
葉,N3,blade|counter for flat things|fragment|leaf|lobe|needle|piece|plane|spear
薬,N3,benefit|chemical|enamel|gunpowder|medicine
術,N3,art|magic|means|resources|skill|technique|trick
表,N3,chart|diagram|surface|table
要,N3,essence|key to|main point|need|pivot
規,N3,measure|standard
覚,N3,awake|learn|memorize|remember|sober up
観,N3,appearance|condition|look|outlook|view
解,N3,absolve|answer|cancel|explain|explanation|key|minute|notes|solve|understanding|undo|unravel|untie
記,N3,account|narrative|scribe
訪,N3,call on|look up|offer sympathy|visit
許,N3,approve|permit
認,N3,acknowledge|appreciate|believe|discern|recognize|witness
誤,N3,do wrong|err|mislead|mistake
説,N3,explanation|opinion|rumor|theory
調,N3,exorcise|harmonize|investigate|key (music)|mediate|meter|prepare|tone|tune|writing style
談,N3,discuss|talk
論,N3,argument|discourse
識,N3,discriminating|know|write
警,N3,admonish|commandment
議,N3,consideration|consultation|debate|deliberation
負,N3,-|assume a responsibility|bear|defeat|minus|negative|owe
財,N3,assets|money|property|wealth
貧,N3,poor|poverty
責,N3,blame|censure|condemn
費,N3,consume|cost|expense|spend|waste
資,N3,assets|be conducive to|capital|contribute to|data|funds|resources
賛,N3,agree with|approve|assist|praise|title or inscription on picture
越,N3,Vietnam|cross over|exceed|move to|surpass
路,N3,distance|path|road|route
辞,N3,expression|resign|term|word
込,N3,(kokuji)|crowded|in bulk|included|mixture
迎,N3,greet|meet|welcome
返,N3,answer|fade|repay|return
迷,N3,astray|be perplexed|err|illusion|in doubt|lost
追,N3,chase|drive away|follow|meanwhile|pursue
退,N3,expel|reject|repel|resign|retire|retreat|withdraw
逃,N3,escape|evade|flee|set free|shirk
途,N3,road|route|way
速,N3,fast|quick
連,N3,clique|connect|gang|join|lead|party|take along
進,N3,advance|proceed|progress|promote
遅,N3,back|late|later|slow
遊,N3,play
過,N3,error|exceed|go beyond|overdo
達,N3,accomplished|arrive|attain|reach
違,N3,differ|difference
遠,N3,distant|far
適,N3,capable|occasional|qualified|rare|suitable
選,N3,choose|elect|prefer|select
部,N3,bureau|class|copy|counter for copies of a newspaper or magazine|dept|part|portion|section
都,N3,all|capital|everything|metropolis
配,N3,distribute|exile|rationing|spouse
酒,N3,alcohol|sake
閉,N3,closed|shut
関,N3,barrier|concerning|connection|gateway|involve
降,N3,descend|fall|precipitate|surrender
限,N3,limit|restrict|to best of ability
除,N3,abolish|cancel|division (x/3)|except|exclude|remove
険,N3,impregnable position|inaccessible place|precipitous|sharp eyes|steep place
陽,N3,daytime|heaven|male|positive|sunshine|yang principle
際,N3,adventurous|dangerous|edge|indecent|occasion|side|time|verge|when
雑,N3,miscellaneous
難,N3,accident|defect|difficult|impossible|trouble
雪,N3,snow
静,N3,quiet
非,N3,injustice|mistake|negative|non-|un-
面,N3,face|features|mask|surface
靴,N3,shoes
頂,N3,peak|place on the head|receive|summit|top|top of head
頭,N3,counter for large animals|head
頼,N3,request|trust
顔,N3,expression|face
願,N3,hope|petition|request|vow|wish
類,N3,class|genus|kind|sort|variety
飛,N3,fly|scatter|skip (pages)
首,N3,counter for songs and poems|neck
馬,N3,horse
髪,N3,hair of the head
鳴,N3,bark|chirp|cry|echo|honk|ring|sound
並,N2,and|as well as|besides|equal|line up|rank with|rival|row
丸,N2,-ship|curl up|explain away|full (month)|make round|perfection|pills|roll up|round|seduce
久,N2,long time|old story
乱,N2,disorder|disturb|riot|war
乳,N2,breasts|milk
乾,N2,dessicate|drink up|drought|dry|emperor|heaven
了,N2,complete|finish
介,N2,concern oneself with|jammed in|mediate|shellfish
仏,N2,Buddha|France|the dead
令,N2,command|decree|good|laws|orders
仲,N2,go-between|relationship
伸,N2,expand|extend|increase|lengthen|stretch
伺,N2,ask|implore|inquire|pay respects|question|visit
低,N2,humble|lower|short
依,N2,consequently|depend on|due to|reliant|therefore
個,N2,counter for articles|individual
倍,N2,double|fold|times|twice
停,N2,halt|stopping
傾,N2,bias|incline|lean|ruin|sink|tilt|trend|wane
像,N2,figure|image|picture|portrait|statue
億,N2,10**8|hundred million
兆,N2,10**12|omen|portent|sign|symptoms|trillion
児,N2,child|newborn babe|young of animals
党,N2,clique|faction|party
兵,N2,army|private|soldier|strategy|tactics|troops|warfare
冊,N2,counter for books|tome|volume
再,N2,again|second time|twice
凍,N2,congeal|frozen|refrigerate
刊,N2,carve|engrave|publish
刷,N2,brush|print|printing
券,N2,ticket
刺,N2,calling card|pierce|prick|stab|sting|thorn
則,N2,based on|follow|law|model after|rule
副,N2,aide|assistant|copy|duplicate|vice-
劇,N2,drama|play
効,N2,benefit|efficacy|efficiency|merit
勇,N2,be in high spirits|bravery|cheer up|courage|heroism
募,N2,campaign|enlist|gather (contributions)|grow violent|recruit
勢,N2,energy|forces|military strength
包,N2,conceal|cover|pack up|wrap
匹,N2,counter for small animals|equal|head|roll of cloth
区,N2,district|ward
卒,N2,die|graduate|private|soldier
協,N2,co-|cooperation
占,N2,divining|forecasting|fortune-telling|get|have|hold|occupy|take
印,N2,India|emblem|evidence|imprint|mark|seal|souvenir|stamp|symbol|trademark
卵,N2,egg|ovum|roe|spawn
厚,N2,brazen|cordial|heavy|kind|rich|shameless|thick
双,N2,comparison|counter for pairs|pair|set
叫,N2,exclaim|shout|yell
召,N2,buy|call|catch (cold)|drink|eat|put on|ride in|seduce|send for|wear
史,N2,chronicle|history
各,N2,each|either|every
含,N2,bear in mind|cherish|contain|hold in the mouth|include|understand
周,N2,circuit|circumference|lap
咲,N2,bloom|blossom
喫,N2,consume|drink|eat|receive (a blow)|smoke
営,N2,build|camp|conduct (business)|perform
団,N2,association|group
囲,N2,besiege|encircle|enclosure|keep|paling|preserve|store|surround
固,N2,clot|curdle|harden|set
圧,N2,dominate|oppress|overwhelm|pressure|push
坂,N2,hill|incline|slope
均,N2,average|level
型,N2,model|mould|type
埋,N2,be filled up|bury|embedded
城,N2,castle
域,N2,level|limits|range|region|stage
塔,N2,pagoda|steeple|tower
塗,N2,coating|daub|paint|plaster|smear
塩,N2,salt
境,N2,border|boundary|region
央,N2,center|middle
奥,N2,heart|interior
姓,N2,surname
委,N2,committee|devote|discard|entrust to|leave to
季,N2,seasons
孫,N2,descendants|grandchild
宇,N2,eaves|heaven|house|roof
宝,N2,treasure|valuables|wealth
寺,N2,Buddhist temple
封,N2,closing|seal
専,N2,exclusive|mainly|solely|specialty
将,N2,admiral|and again|commander|from now on|general|just about|leader|or|soon
尊,N2,exalted|noble|precious|revered|valuable
導,N2,conduct|guidance|leading|usher
届,N2,arrive|deliver|forward|notify|reach|report
層,N2,floor|layer|social class|story|stratum
岩,N2,boulder|cliff|rock
岸,N2,beach
島,N2,island
州,N2,province|state
巨,N2,big|gigantic|great|large
巻,N2,book|coil|counter for texts (or book scrolls)|part|roll up|scroll|tie|volume|wind up
布,N2,cloth|distribute|linen|spread
希,N2,Greece|beg|beseech|dilute (acid)|few|hope|phenomenal|pray|rare|request
帯,N2,belt|obi|region|sash|zone
帽,N2,cap|headgear
幅,N2,hanging scroll|width
干,N2,dry|ebb|intercede|interfere|parch|recede
幼,N2,childhood|infancy
庁,N2,government office
床,N2,bed|counter for beds|floor|padding|tatami
底,N2,base|bottom|bottom price|depth|kind|sole|sort
府,N2,borough|govt office|representative body|storehouse|urban prefecture
庫,N2,storehouse|warehouse
延,N2,prolong|stretching
弱,N2,frail|weak
律,N2,control|gauge|law|regulation|rhythm
復,N2,restore|resume|return to|revert
快,N2,agreeable|cheerful|comfortable|pleasant
恋,N2,darling|in love|miss|romance|yearn for
患,N2,afflicted|be ill|disease|suffer from
悩,N2,distress|illness|in pain|trouble|worry
憎,N2,detest|hate
戸,N2,counter for houses|door|door radical (no. 63)
承,N2,acquiesce|be informed|hear|listen to|receive
技,N2,ability|art|arts|craft|feat|performance|skill|vocation
担,N2,bear|carry|raise|shouldering
拝,N2,adore|pray to|worship
拾,N2,find|gather|go on foot|pick up|ten
挟,N2,between|pinch
捜,N2,locate|look for|search
捨,N2,abandon|discard|reject|resign|sacrifice|throw away
掃,N2,brush|sweep
掘,N2,delve|dig|excavate
採,N2,fetch|pick|take|take up
接,N2,adjoin|contact|piece together|touch
換,N2,change|convert|interchange|period|renew|replace
損,N2,damage|disadvantage|hurt|injure|loss
改,N2,change|examine|inspect|mend|modify|reformation|renew|search
敬,N2,awe|honor|respect|revere
旧,N2,ex-|former|old friend|old things|old times
昇,N2,rise up
星,N2,dot|mark|spot|star
普,N2,Prussia|generally|universal|wide(ly)
暴,N2,cruelty|force|fret|outburst|outrage|rave|violence
曇,N2,cloud up|cloudy weather
替,N2,exchange|per-|spare|substitute
札,N2,bid|counter for bonds|paper money|placard|tag
机,N2,desk|table
材,N2,ingredients|log|lumber|materials|talent|timber|wood
村,N2,town|village
板,N2,board|plank|plate|stage
林,N2,forest|grove
枚,N2,counter for flat thin objects or sheets|sheet of...
枝,N2,bough|branch|counter for branches|limb|twig
枯,N2,be seasoned|die|dry up|wither
柔,N2,gentleness|softness|tender|weakness
柱,N2,cylinder|pillar|post|support
査,N2,investigate
栄,N2,flourish|glory|honor|prosperity|splendor
根,N2,head (pimple)|radical|root
械,N2,contraption|fetter|instrument|machine
棒,N2,cane|club|line|pole|rod|stick
森,N2,forest|woods
植,N2,plant
極,N2,10**48|conclusion|electric poles|end|extremely|highest rank|highly|most|poles|settlement|very
橋,N2,bridge
欧,N2,Europe
武,N2,arms|chivalry|military|warrior
歴,N2,continuation|curriculum|passage of time
殿,N2,Mr.|hall|lord|mansion|palace|temple
毒,N2,germ|harm|injury|poison|spite|venom|virus
比,N2,Philippines|compare|race|ratio
毛,N2,down|feather|fur|hair
氷,N2,congeal|freeze|hail|ice|icicle
永,N2,eternity|lengthy|long
汗,N2,perspire|sweat
汚,N2,defile|dirty|disgrace|pollute|rape
池,N2,cistern|pond|pool|reservoir
沈,N2,aloes|be depressed|be submerged|sink|subside
河,N2,river
沸,N2,boil|breed|ferment|seethe|uproar
油,N2,fat|oil
況,N2,condition|situation
泉,N2,fountain|spring
泊,N2,overnight stay|put up at|ride at anchor
波,N2,Poland|billows|waves
泥,N2,adhere to|be attached to|mire|mud
浅,N2,frivolous|shallow|shameful|superficial|wretched
浴,N2,bask in|bathe|be favored with
涙,N2,sympathy|tears
液,N2,fluid|juice|liquid|sap|secretion
涼,N2,nice and cool|refreshing
混,N2,blend|confuse|mix
清,N2,Manchu dynasty|cleanse|exorcise|pure|purify
減,N2,curtail|decline|decrease|dwindle|get hungry|reduce
温,N2,warm
測,N2,fathom|measure|plan|scheme
湖,N2,lake
湯,N2,bath|hot spring|hot water
湾,N2,bay|gulf|inlet
湿,N2,damp|moist|wet
準,N2,conform|correspond to|imitate|proportionate to|semi-
溶,N2,dissolve|melt|thaw
滴,N2,drip|drop
漁,N2,fishery|fishing
濃,N2,concentrated|dark|thick|undiluted
濯,N2,laundry|pour on|rinse|wash
灯,N2,a light|counter for lights|lamp|light
灰,N2,ashes|cremate|puckery juice
炭,N2,charcoal|coal
焼,N2,bake|burning
照,N2,bashful|compare|illuminate|shine
燃,N2,blaze|burn|glow
燥,N2,dry up|parch
爆,N2,bomb|burst open|pop|split
片,N2,leaf|one-sided|right-side kata radical (no. 91)|sheet
版,N2,edition|impression|label|printing block|printing plate
玉,N2,ball|jewel
珍,N2,curious|rare|strange
瓶,N2,bottle|jar|jug|urn|vat|vial
甘,N2,be content|coax|pamper|sugary|sweet
畜,N2,domestic fowl and animals|livestock
略,N2,abbreviation|capture|omission|outline|plunder|shorten
畳,N2,counter for tatami mats|do away with|fold|shut up|tatami mat
療,N2,cure|heal
皮,N2,hide|leather|pelt|skin|skin radical (no. 107)
皿,N2,a helping|dish|plate
省,N2,conserve|government ministry|omit
県,N2,prefecture
短,N2,brevity|defect|fault|short|weak point
砂,N2,sand
硬,N2,hard|stiff
磨,N2,brush (teeth)|grind|improve|polish|scour
祈,N2,pray|wish
祝,N2,celebrate|congratulate
祭,N2,celebrate|deify|enshrine|offer prayers|ritual|worship
禁,N2,ban|forbid|prohibition
秒,N2,second (1/60 minute)
移,N2,"catch (cold, fire)|change|drift|move|pass into|shift"
税,N2,duty|tax
章,N2,badge|chapter|composition|design|poem
童,N2,child|juvenile
競,N2,bid|bout|compete with|contest|emulate|race|sell at auction
竹,N2,bamboo
符,N2,charm|mark|sign|tally|token
筆,N2,handwriting|painting brush|writing|writing brush
筒,N2,cylinder|gun barrel|pipe|sleeve|tube
算,N2,abacus|calculate|divining|number|probability
管,N2,control|drunken talk|jurisdiction|pipe|tube|wind instrument
築,N2,build|construct|fabricate
簡,N2,brevity|simplicity
籍,N2,domiciliary register|enroll|membership
粉,N2,dust|flour|powder
粒,N2,counter for tiny particles|drop|grains
糸,N2,thread
紅,N2,crimson|deep red
純,N2,genuine|innocence|net (profit)|purity
細,N2,dainty|detailed|get thin|narrow|precise|slender|taper
紹,N2,help|inherit|introduce
絡,N2,coil around|entwine|get caught in
綿,N2,cotton
総,N2,all|full|general|total|whole
緑,N2,green
線,N2,line|track
編,N2,braid|compilation|completed poem|editing|knit|part of a book|plait|twist
練,N2,drill|gloss|polish|practice|refine|train
績,N2,achievements|exploits|unreeling cocoons
缶,N2,container|jar radical (no. 121)|tin can
署,N2,govt office|police station|signature
群,N2,cluster|crowd|flock|group|herd|swarm
羽,N2,"counter for birds, rabbits|feathers"
翌,N2,next|the following
耕,N2,cultivate|plow|till
肌,N2,body|grain|skin|texture
肩,N2,shoulder
肯,N2,agreement|comply with|consent
胃,N2,craw|crop|paunch|stomach
胸,N2,bosom|breast|chest|feelings|heart
脂,N2,fat|grease|gum|lard|rosin|tallow|tar
脳,N2,brain|memory
腕,N2,ability|arm|talent
腰,N2,hips|loins|low wainscoting|waist
膚,N2,body|disposition|grain|skin|texture
臓,N2,bowels|entrails|viscera
臣,N2,retainer|subject
舟,N2,boat|ship
航,N2,cruise|fly|navigate|sail
般,N2,all|carrier|carry|general|kind|sort
芸,N2,acting|art|craft|performance|stunt|technique|trick
荒,N2,laid waste|rough|rude|wild
荷,N2,baggage|bear (a burden)|cargo|freight|load|shoulder (a gun)|shoulder-pole load
菓,N2,cakes|candy|fruit
菜,N2,greens|side dish|vegetable
著,N2,arrival|counter for suits of clothing|don|finish (race)|literary work|phenomenal|publish|put on|remarkable|renowned|wear|write
蒸,N2,foment|get musty|heat|steam|sultry
蔵,N2,have|hide|own|possess|storehouse
薄,N2,dilute|pampas grass|thin|weak (tea)
虫,N2,bug|insect|temper
血,N2,blood
衣,N2,clothes|dressing|garment
袋,N2,bag|pouch|sack
被,N2,be exposed (film)|brood over|cover|incur|put on|receiving|shelter|veil|wear
装,N2,attire|disguise|dress|pretend|profess
裏,N2,amidst|back|in|inside|lining|palm|rear|reverse|sole|wrong side
補,N2,assistant|compensate|learner|make good|offset|supplement|supply
複,N2,compound|double|duplicate|multiple
角,N2,angle|antlers|corner|horn|square
触,N2,announce|conflict|contact|feel|hit|proclaim|touch
訓,N2,Japanese character reading|explanation|instruction|read
設,N2,establishment|prepare|provision
詞,N2,part of speech|poetry|words
詰,N2,blame|close|packed|pressed|rebuke|reprove
誌,N2,document|records
課,N2,chapter|counter for chapters (of a book)|department|division|lesson|section
諸,N2,many|several|together|various
講,N2,association|club|lecture
谷,N2,valley
豊,N2,bountiful|excellent|rich
象,N2,elephant|image|imitate|pattern after|shape|sign (of the times)
貝,N2,shellfish
貨,N2,freight|goods|property
販,N2,marketing|sell|trade
貯,N2,keep|lay in|savings|store|wear mustache
貿,N2,exchange|trade
賞,N2,praise|prize|reward
賢,N2,cleverness|intelligent|wisdom|wise
贈,N2,award to|confer on|give to|presenting something|presents|send
超,N2,super-|transcend|ultra-
跡,N2,impression|mark|print|tracks
踊,N2,dance|jump|leap|skip
軍,N2,army|battle|force|troops|war
軒,N2,counter for houses|eaves|flats
軟,N2,soft
軽,N2,lightly|trifling|unimportant
輪,N2,circle|counter for wheels and flowers|link|loop|ring|wheel
輸,N2,be inferior|send|transport
辛,N2,acrid|bitter|hot|spicy
農,N2,agriculture|farmers
辺,N2,border|boundary|environs|vicinity
述,N2,mention|relate|speak|state
逆,N2,inverted|opposite|reverse|wicked
造,N2,create|make|physique|structure
郊,N2,outskirts|rural area|suburbs
郵,N2,mail|stagecoach stop
量,N2,amount|consider|estimate|measure|quantity|surmise|weight
針,N2,needle|pin|staple|stinger
鈍,N2,blunt|dull|foolish|slow
鉄,N2,iron
鉱,N2,mineral|ore
銅,N2,copper
鋭,N2,edge|pointed|sharp|sharpness|violent|weapon
録,N2,record
門,N2,counter for cannons|gate
防,N2,defend|protect|resist|ward off
陸,N2,land|six
隅,N2,corner|nook
階,N2,counter for storeys of a building|stair|storey
隻,N2,arrows|birds|counter for ships|fish|one of a pair|vessels
雇,N2,employ|hire
雲,N2,cloud
零,N2,cipher|nothing|overflow|spill|zero
震,N2,quake|quiver|shake|shiver|tremble
革,N2,become serious|leather|reform|skin
順,N2,docility|obey|occasion|order|right|turn
預,N2,custody|deposit|entrust to|leave with
領,N2,dominion|fief|jurisdiction|reign|territory
額,N2,amount|forehead|framed picture|plaque|sum|tablet|volume
香,N2,incense|perfume|smell
駐,N2,reside in|resident|stop-over
骨,N2,bone|frame|remains|skeleton
麦,N2,barley|wheat
黄,N2,yellow
鼻,N2,nose|snout
齢,N2,age
丁,N1,"4th calendar sign|counter for guns, tools, leaves or cakes of something|even number|street|town|ward"
丑,N1,1-3AM|second sign of Chinese zodiac|sign of the ox or cow
且,N1,also|furthermore|moreover
丘,N1,hill|knoll
丙,N1,3rd|3rd calendar sign|third class
丞,N1,help
丹,N1,pills|red|red lead|rust-colored|sincerity
乃,N1,accordingly|from|possessive particle|whereupon
之,N1,of|this
乏,N1,destitution|limited|scarce
乙,N1,duplicate|fishhook radical (no. 5)|strange|the latter|witty
也,N1,to be (classical)
亀,N1,tortoise|turtle
井,N1,community|town|well|well crib
亘,N1,extend over|range|span
亜,N1,-ous|Asia|come after|rank next
亥,N1,9-11PM|sign of the hog|twelfth sign of the Chinese zodiac
亦,N1,again|also
亨,N1,go smoothly|pass through
享,N1,answer (phone)|catch|enjoy|get|receive|take|undergo
亭,N1,arbor|cottage|mansion|music hall|pavilion|restaurant|stage name|vaudeville
亮,N1,clear|help
仁,N1,benevolence|charity|humanity|kernel|man|virtue
仙,N1,cent|hermit|wizard
仮,N1,assumed (name)|informal|interim|sham|temporary
仰,N1,depend|drink|face-up|look up|respect|revere|seek|take
企,N1,attempt|design|plan|scheme|undertake
伊,N1,Italy|that one
伍,N1,file|five|five-man squad|line
伎,N1,deed|skill
伏,N1,bend down|bow|cover|lay (pipes)|prostrated
伐,N1,attack|fell|punish|strike
伯,N1,Brazil|chief|count|earl|uncle
伴,N1,accompany|bring with|companion|consort
伶,N1,actor
伽,N1,attending|entertainer|nursing
但,N1,but|however
佐,N1,assistant|help
佑,N1,assist|help
佳,N1,beautiful|excellent|good|pleasing|skilled
併,N1,collective|get together|join|unite
侃,N1,just|peace-loving|righteous|strong
侍,N1,samurai|serve|wait upon|waiter
侑,N1,urge to eat
価,N1,price|value
侮,N1,contempt|despise|make light of|scorn
侯,N1,daimyo|lord|marquis
侵,N1,encroach|invade|raid|trespass|violate
促,N1,demand|incite|press|stimulate|urge
俊,N1,excellence|genius|sagacious
俗,N1,customs|manners|mundane things|vulgar|worldliness
保,N1,guarantee|keep|preserve|protect|support|sustain
修,N1,conduct oneself well|discipline|master|study
俳,N1,actor|haiku
俵,N1,bag|bale|counter for bags|sack
俸,N1,salary|stipend
倉,N1,cellar|godown|storehouse|treasury|warehouse
倖,N1,happiness|luck
倣,N1,emulate|imitate
倫,N1,companion|ethics
倭,N1,Yamato|ancient Japan
倹,N1,economy|frugal|thrifty
偏,N1,biased|inclining|left-side radical|partial|side
健,N1,health|healthy|persistence|strength
偲,N1,recollect|remember
偵,N1,spy
偽,N1,counterfeit|deceive|falsehood|forgery|lie|pretend
傍,N1,besides|bystander|nearby|side|third person|while
傑,N1,excellence|greatness
傘,N1,umbrella
催,N1,give (a dinner)|hold (a meeting)|sponsor
債,N1,bond|debt|loan
傷,N1,cut|gash|hurt|impair|injure|injury|pain|scar|weak point|wound
僕,N1,I (male)|manservant|me|servant
僚,N1,colleague|companion|official
僧,N1,Buddhist priest|monk
儀,N1,a matter|affair|case|ceremony|rule
儒,N1,Confucian
償,N1,make up for|recompense|redeem|reparation
允,N1,license|permit|sincerity
充,N1,allot|fill
克,N1,kindly|overcome|skillfully
免,N1,dismissal|excuse
典,N1,ceremony|code|law|rule
兼,N1,and|beforehand|concurrently|in advance
冒,N1,assume (a name)|damage|dare|defy|face|risk
冗,N1,superfluous|uselessness
冠,N1,best|crown|peerless
冴,N1,be clear|cold|serene|skilful
冶,N1,melting|smelting
准,N1,associate|quasi-|semi-
凌,N1,defy|endure|keep (rain)out|slight|stave off|surpass|tide over
凜,N1,cold|severe|strict
凝,N1,be absorbed in|congeal|freeze|stiff
凡,N1,commonplace|mediocre|ordinary
凪,N1,(kokuji)|calm|lull
凱,N1,victory song
凶,N1,bad luck|disaster|evil|villain
凸,N1,beetle brow|convex|uneven
凹,N1,concave|hollow|sunken
刀,N1,knife|saber|sword
刃,N1,blade|edge|sword
刈,N1,clip|cut|prune|reap|trim
刑,N1,penalty|punish|punishment|sentence
削,N1,pare|plane|sharpen|shave|whittle
剖,N1,divide
剛,N1,strength|sturdy
剣,N1,blade|clock hand|sabre|sword
剤,N1,dose|drug|medicine
剰,N1,besides|surplus
創,N1,genesis|hurt|injury|originate|start|wound
功,N1,achievement|credit|honor|merits|success
劣,N1,be inferior to|be worse|inferiority
励,N1,be diligent|encourage|inspire
劾,N1,censure|criminal investigation
勁,N1,strong
勅,N1,imperial order
勘,N1,check|compare|intuition|perception|sixth sense
勧,N1,advise|encourage|offer|persuade|recommend
勲,N1,merit|meritorious deed
勺,N1,dip|ladle|one tenth of a go
匁,N1,(kokuji)|3.75 grams|monme
匠,N1,artisan|carpenter|workman
匡,N1,assist|correct|save
匿,N1,hide|shelter|shield
升,N1,1.8 liter|measuring box
卑,N1,base|despise|lowly|vile|vulgar
卓,N1,desk|eminent|high|table
博,N1,Dr.|Ph.D.|command|esteem|exposition|fair|win acclaim
卯,N1,5-7AM|east|fourth sign of Chinese zodiac|sign of the hare or rabbit
即,N1,adapt|agree|as is|conform|instant|namely
却,N1,instead|on the contrary|rather|retreat|step back|withdraw
卸,N1,wholesale
厄,N1,bad luck|disaster|misfortune|unlucky
厘,N1,1/10 bu|1/10 sen|rin
厳,N1,rigidity|severity|stern|strictness
又,N1,furthermore|on the other hand|or again
及,N1,cause|exercise|exert|reach out
叔,N1,uncle|youth
叙,N1,confer|describe|narrate|relate
叡,N1,imperial|intelligence
句,N1,clause|counter for haiku|paragraph|passage|phrase|sentence
只,N1,free|in addition|only
叶,N1,answer|grant
司,N1,administer|director|govt office|official|rule
吉,N1,congratulations|good luck|joy
后,N1,after|back|behind|empress|later|queen
吏,N1,an official|officer
吐,N1,belch|confess|spit|tell (lies)|vomit
吟,N1,recital|singing|versify
呂,N1,backbone|spine
呈,N1,display|exhibit|offer|present|send
呉,N1,do something for|give|kingdom of Wu
哀,N1,grief|pathetic|pathos|pity|sorrow|sympathize
哉,N1,alas|exclamation mark|how|question mark|what
哲,N1,clear|philosophy
唄,N1,ballad|song
唆,N1,instigate|promote|seduce|tempt
唇,N1,lips
唯,N1,merely|only|simply|solely
唱,N1,call upon|chant|recite|yell
啄,N1,peck|pick up
啓,N1,disclose|open|say
善,N1,good|goodness|virtuous
喚,N1,call|cry|scream|summon|yell
喝,N1,hoarse|scold
喪,N1,miss|mourning
喬,N1,boasting|high
嗣,N1,heir|succeed
嘆,N1,grieve|lament|moan|sigh|sigh of admiration
嘉,N1,applaud|auspicious|esteem|happy|praise
嘱,N1,entrust|request|send a message
器,N1,ability|container|implement|instrument|receptacle|set|tool|utensil|vessel
噴,N1,emit|erupt|flush out|spout
嚇,N1,dignity|majesty|menacing|threaten
囚,N1,arrest|captured|catch|criminal
圏,N1,circle|radius|range|sphere
圭,N1,angle|corner|edge|square jewel
坑,N1,hole|pit
坪,N1,approx. thirty-six sq ft|two-mat area
垂,N1,droop|hang|slouch|suspend
垣,N1,fence|hedge|wall
執,N1,grasp|take hold|take to heart|tenacious
培,N1,cultivate|foster
基,N1,counter for machines|foundation|fundamentals|radical (chem)
堀,N1,canal|ditch|moat
堅,N1,hard|reliable|solid|strict|tight|tough
堕,N1,degenerate|descend to|lapse into
堤,N1,bank|dike|embankment
堪,N1,endure|resist|support|withstand
塀,N1,(kokuji)|fence|wall
塁,N1,base(ball)|bases|fort|rampart|walls
塊,N1,chunk|clod|clot|lump|mass
塑,N1,model|molding
塚,N1,hillock|mound
塾,N1,cram school|private school
墓,N1,grave|tomb
墜,N1,crash|fall (down)
墨,N1,India ink|Mexico|black ink|ink stick
墳,N1,mound|tomb
墾,N1,ground-breaking|open up farmland
壁,N1,fence|lining (stomach)|wall
壇,N1,podium|rostrum|stage|terrace
壊,N1,break|demolition|destroy
壌,N1,earth|lot|soil
士,N1,gentleman|samurai|samurai radical (no. 33)|scholar
壮,N1,manhood|prosperity|robust
壱,N1,one (in documents)
奇,N1,curiosity|strange|strangeness
奈,N1,Nara|what?
奉,N1,dedicate|observance|offer|present
奎,N1,god of literature|star
奏,N1,complete|play music|speak to a ruler
契,N1,pledge|promise|vow
奔,N1,bustle|run
奨,N1,encourage|exhort|urge
奪,N1,dispossess|plunder|rob|snatch away|take by force|usurp
奮,N1,be invigorated|flourish|stirred up
奴,N1,fellow|guy|manservant|slave
如,N1,as if|best|better|equal|like|likeness|such as
妃,N1,princess|queen
妄,N1,delusion|reckless|unnecessarily|without authority
妊,N1,pregnancy
妙,N1,charming|delicate|excellent|exquisite|miracle|mystery|queer|strange
妥,N1,depravity|gentle|peace
妨,N1,disturb|hamper|obstruct|prevent
姫,N1,princess
姻,N1,marry|matrimony
姿,N1,figure|form|shape
威,N1,dignity|intimidate|majesty|menace|threaten
娠,N1,pregnancy|with child
娯,N1,pleasure|recreation
婆,N1,grandma|old woman|wet nurse
婿,N1,bridegroom|son-in-law
媒,N1,go-between|mediator
媛,N1,beautiful woman|princess
嫁,N1,bride|marry into
嫌,N1,detest|dislike|hate
嫡,N1,direct descent (non-bastard)|legitimate wife
嬉,N1,glad|pleased|rejoice
嬢,N1,Miss|daughter|girl|lass
孔,N1,cavity|exceedingly|great|hole|slit|very
孟,N1,beginning|chief
孤,N1,alone|orphan
宏,N1,large|wide
宗,N1,denomination|essence|main point|origin|religion|sect
宙,N1,air|interval of time|memorization|mid-air|sky|space
宜,N1,best regards|good
宣,N1,announce|proclaim|say
宥,N1,calm|pacify|soothe
宮,N1,Shinto shrine|constellations|palace|princess
宰,N1,manager|rule|superintend
宴,N1,banquet|feast|party
宵,N1,early night|evening|wee hours
寂,N1,death of a priest|loneliness|mature|mellow|quietly
寅,N1,3-5AM|sign of the tiger|third sign of Chinese zodiac
密,N1,carefulness|density (pop)|minuteness|secrecy
寛,N1,be at ease|broadminded|feel at home|generosity|leniency|relax|tolerant
寡,N1,few|minority|widow
寧,N1,peaceful|preferably|quiet|rather|tranquility
審,N1,hearing|judge|trial
寮,N1,dormitory|hostel|tea pavillion|villa
寸,N1,a little|measurement|small|tenth of a shaku
射,N1,archery|onto|shine into|shoot
尉,N1,jailer|military officer|old man|rank
尋,N1,fathom|inquire|look for
尚,N1,esteem|furthermore|still|yet
尭,N1,far|high
就,N1,concerning|depart|per|settle|study|take position
尺,N1,Japanese foot|measure|rule|scale|shaku
尼,N1,nun
尽,N1,befriend|deplete|exhaust|run out of|serve|use up
尾,N1,counter for fish|end|lower slope of mountain|tail
尿,N1,urine
屈,N1,bend|flinch|submit|yield
展,N1,expand|unfold
属,N1,affiliated|belong|genus|subordinate official
履,N1,boots|complete|footgear|perform|put on (the feet)|shoes
屯,N1,barracks|camp|police station|ton
岐,N1,arena|branch off|fork in road|scene|theater
岬,N1,cape|headland|promontory|spit
岳,N1,mountain|peak|point
峠,N1,(kokuji)|climax|crest|mountain pass|mountain peak
峡,N1,gorge|ravine
峰,N1,peak|summit
峻,N1,high|steep
崇,N1,adore|respect|revere|worship
崎,N1,cape|promontory|spit
崚,N1,mountains towering in a row
崩,N1,crumble|demolish|die|level
嵐,N1,storm|tempest
嵩,N1,be aggravated|grow bulky|grow worse|swell
嵯,N1,craggy|rugged|steep
嶺,N1,peak|summit
巌,N1,boulder|crag|rock
巡,N1,circumference|go around|patrol
巣,N1,cobweb|den|hive|nest|rookery
巧,N1,adroit|ingenuity|skilled
己,N1,self
巳,N1,9-11AM|sign of the snake or serpent|sixth sign of Chinese zodiac
巴,N1,comma-design
巽,N1,southeast
帆,N1,sail
帝,N1,creator|god|sovereign|the emperor
帥,N1,commander|governor|leading troops
帳,N1,account book|album|curtain|net|notebook|tent|veil
幕,N1,act of play|bunting|curtain
幣,N1,Shinto offerings of cloth|bad habit|cash|cut paper|gift|humble prefix|rope
幹,N1,capability|main part|talent|tree trunk
幻,N1,apparition|dream|illusion|phantasm|vision
幽,N1,calm|confine to a room|dark|deep|faint|profound|seclude|secluded|tranquil
庄,N1,hamlet|in the country|level|manor|village
序,N1,beginning|chance|incidentally|occasion|order|precedence|preface
庶,N1,all|bastard|commoner
康,N1,ease|peace
庸,N1,commonplace|employment|ordinary
廃,N1,abandon|abolish|cessation|discarding|obsolete
廉,N1,account|bargain|charge|cheap|contented|honest|low price|peaceful|point|purity|reason|rested|suspicion
廊,N1,corridor|hall|tower
廷,N1,courts|government office|imperial court
弁,N1,braid|conical cap|dialect|discrimination|dispose of|distinguish|petal|speech|valve
弊,N1,abuse|breakage|evil|vice
弐,N1,II|second|two
弓,N1,"bow|bow (archery, violin)"
弔,N1,condolences|funeral|mourning
弘,N1,broad|vast|wide
弥,N1,all the more|increasingly
弦,N1,bowstring|chord|hypotenuse
弧,N1,arc|arch|bow
張,N1,counter for bows & stringed instruments|put up (tent)|spread|stretch
弾,N1,bullet|flip|snap|twang
彗,N1,comet
彦,N1,boy (ancient)|lad
彩,N1,coloring|makeup|paint
彪,N1,mottled|patterned|small tiger|spotted
彫,N1,carve|chisel|engrave
彬,N1,gentle|refined
彰,N1,clear|patent
影,N1,phantom|shadow|silhouette
往,N1,before|chase away|formerly|going|journey|let go|travel
征,N1,attack the rebellious|collect taxes|subjugate
径,N1,diameter|method|path
徐,N1,deliberately|gently|gradually|slowly
従,N1,accompany|comply|follow|incidental|obey|secondary|submit to|subordinate
循,N1,follow|sequential
微,N1,delicate|insignificance|minuteness
徳,N1,benevolence|commanding respect|goodness|virtue
徴,N1,collect|indications|omen|question|refer to|seek|sign|symptom
徹,N1,clear|penetrate|pierce|sit up (all night)|strike home
忌,N1,abhor|death anniversary|detestable|mourning
忍,N1,bear|conceal|endure|put up with|secrete|sneak|spy
志,N1,aspire|hopes|intention|motive|plan|resolve|shilling
応,N1,OK|accept|answer|apply|reply|yes
忠,N1,faithfulness|fidelity|loyalty
怜,N1,wise
怠,N1,laziness|neglect
怪,N1,apparition|mystery|suspicious
恒,N1,always|constancy
恕,N1,excuse|forgive|tolerate
恨,N1,bear a grudge|hatred|malice|regret|resentment
恩,N1,benefit|blessing|favor|goodness|grace|kindness|mercy
恭,N1,respect|reverent
恵,N1,blessing|favor|grace|kindness
悌,N1,serving our elders
悔,N1,regret|repent
悟,N1,discern|enlightenment|perceive|realize|understand
悠,N1,distant|leisure|long time|permanence
悦,N1,ecstasy|joy|rapture
悼,N1,grieve over|lament
惇,N1,considerate|kind|sincere
惑,N1,beguile|delusion|perplexity
惜,N1,be sparing of|frugal|pity|regret|stingy
惟,N1,consider|reflect|think
惣,N1,all
惨,N1,cruelty|disaster|harsh|wretched
惰,N1,laziness|lazy
愁,N1,be anxious|distress|grieve|lament
愉,N1,happy|pleasure|rejoice
愚,N1,absurdity|folly|foolish|stupid
慈,N1,mercy
態,N1,appearance|attitude|condition|figure|voice (of verbs)
慎,N1,be careful|discreet|humility|prudent
慕,N1,adore|love dearly|pining|yearn for
慢,N1,laziness|ridicule
慧,N1,wise
慨,N1,be sad|lament|rue|sigh
慮,N1,concern|consider|deliberate|fear|prudence|thought
慰,N1,amusement|cheer|comfort|consolation|console|make sport of|seduce
慶,N1,be happy|congratulate|jubilation|rejoice
憂,N1,be anxious|grieve|lament|melancholy|sad|unhappy
憤,N1,anger|aroused|be indignant|resent
憧,N1,admire|adore|aspire to|long for|yearn after
憩,N1,recess|relax|repose|rest
憲,N1,constitution|law
憶,N1,recollection|remember|think
憾,N1,be sorry|regret|remorse
懇,N1,cordial|courteous|hospitable|kind|sociable
懐,N1,become attached to|bosom|breast|feelings|heart|miss someone|pocket|yearn
懲,N1,chastise|discipline|penal|punish
懸,N1,consult|depend|distant|far apart|hang|state of suspension
我,N1,I|ego|oneself|our|selfish
戒,N1,commandment
戯,N1,frolic|play|sport
房,N1,bunch|fringe|house|lock (hair)|room|segment (orange)|tassel|tuft
扇,N1,fan|folding fan
扉,N1,front door|front page|title page
扱,N1,entertain|handle|strip|thresh
扶,N1,aid|assist|help
批,N1,criticism|strike
抄,N1,copy|extract|selection|spread thin|summary
把,N1,bunch|counter for bundles|faggot|grasp
抑,N1,do in spite of|in the first place|now|press|push|repress|seal|shove|well
抗,N1,confront|defy|oppose|resist
択,N1,choose|elect|prefer|select
披,N1,expose|open
抵,N1,reach|resist|touch
抹,N1,erase|paint|rub
抽,N1,excel|extract|pluck|pull
拍,N1,beat (music)|clap
拐,N1,falsify|kidnap
拒,N1,decline|refuse|reject|repel
拓,N1,break up (land)|clear (the land)|open
拘,N1,adhere to|arrest|concerned|despite|seize
拙,N1,bungling|clumsy|unskillful
拠,N1,based on|follow|foothold|therefore
拡,N1,broaden|enlarge|expand|extend
括,N1,arrest|constrict|fasten|tie up
拳,N1,fist
拷,N1,beat|torture
挑,N1,challenge|contend for|make love to
挙,N1,actions|behavior|plan|project|raise
振,N1,shake|swing|wag|wave
挿,N1,graft|insert|put in|wear (sword)
据,N1,equip|install|lay a foundation|set|sit down|squat down
捷,N1,fast|victory
捺,N1,affix a seal|press|print|stamp
授,N1,confer|grant|impart|instruct
掌,N1,administer|conduct|manipulate|palm of hand|rule
排,N1,arrange|exclude|expel|line up|reject|repudiate
控,N1,be moderate|draw in|hold back|refrain from|withdraw
推,N1,conjecture|guess|infer|push (for)|support|suppose
措,N1,discontinue|except|give up|lay aside|set aside|suspend
掲,N1,describe|display|hang out|hoist|publish|put up|put up (a notice)
描,N1,compose|draw|paint|sketch|write
提,N1,carry in hand|propose|take along
揚,N1,elevate|extol|fry in deep fat|hoist|praise|raise
握,N1,bribe|grip|hold|mould sushi
揮,N1,brandish|shake|swing|wag|wave
援,N1,abet|help|save
揺,N1,rock|shake|sway|swing|tremble|vibrate
搬,N1,carry|conveyor|transport
搭,N1,board|load (a vehicle)|ride
携,N1,armed with|bring along|carry (in hand)|portable
搾,N1,squeeze
摂,N1,absorb|act in addition to|surrogate|take in|vicarious
摘,N1,clip|pick|pinch|pluck|summarize|trim
摩,N1,chafe|grind|polish|rub|scrape
撃,N1,attack|beat|conquer|defeat
撤,N1,disarm|dismantle|exclude|reject|remove|withdraw
撮,N1,snapshot|take pictures
撲,N1,beat|hit|slap|speak|strike|tell
擁,N1,embrace|hug|lead|possess|protect
操,N1,chastity|fidelity|maneuver|manipulate|operate|steer|virginity
擦,N1,chafe|grate|rub|scour|scrape|scratch
擬,N1,aim (a gun) at|imitate|mimic|nominate
攻,N1,aggression|attack|criticize|polish
故,N1,cause|circumstances|consequently|especially|happenstance|intentionally|reason|the late|therefore
敏,N1,agile|alert|cleverness
救,N1,help|reclaim|rescue|salvation|save
敢,N1,bold|brave|daring|pitiful|sad|tragic
敦,N1,industry|kindliness
整,N1,arranging|key (music)|meter|organize|tone|tune
敵,N1,enemy|foe|opponent
敷,N1,pave|promulgate|sit|spread
斉,N1,adjusted|alike|equal|similar variety of
斎,N1,Buddhist food|alike|avoid|purification|room|worship
斐,N1,beautiful|patterned
斗,N1,Big Dipper|dots and cross radical (no. 68)|sake dipper|ten sho (vol)
斜,N1,diagonal|oblique|slanting
斤,N1,
斥,N1,recede|reject|repel|repulse|retreat|withdraw
於,N1,as for|at|in|on
施,N1,alms|bestow|give|perform
旋,N1,go around|rotation
旗,N1,banner|national flag|standard
既,N1,already|long ago|previously
旦,N1,dawn|daybreak|morning
旨,N1,clever|delicious|expert|purport|relish|show a liking for|will
旬,N1,decameron|season (for specific products)|ten-day period
旭,N1,morning sun|rising sun
旺,N1,beautiful|flourishing|successful|vigorous
昂,N1,rise
昆,N1,descendants|elder brother|insect
昌,N1,bright|clear|prosperous
昭,N1,bright|shining
是,N1,just so|justice|right|this
昴,N1,the Pleiades
晃,N1,clear
晋,N1,advance
晏,N1,late|quiet|sets (sun)
晟,N1,clear
晨,N1,early|morning
晶,N1,clear|crystal|sparkle
智,N1,intellect|reason|wisdom
暁,N1,dawn|daybreak|in the event
暇,N1,leave of absence|leisure|rest|spare time|time
暉,N1,light|shine
暑,N1,hot|sultry|summer heat
暖,N1,warmth
暢,N1,stretch
暦,N1,almanac|calendar
暫,N1,a while|long time|moment|temporarily
曙,N1,dawn|daybreak
曹,N1,comrade|fellow|office|official
朋,N1,companion|friend
朔,N1,conjunction (astronomy)|first day of month|north
朕,N1,imperial we|majestic plural
朗,N1,bright|cheerful|clear|melodious|serene
朱,N1,bloody|cinnabar|red|scarlet|vermilion
朴,N1,crude|docile|plain|simple
朽,N1,decay|remain in seclusion|rot
杉,N1,cedar|cryptomeria
李,N1,plum
杏,N1,apricot
杜,N1,grove|woods
条,N1,"article|clause|counter for articles, clauses, paragraphs, etc.|item|streak|stripe|twig"
松,N1,pine tree
析,N1,analyze|chop|divide|tear
枠,N1,(kokuji)|bounding-box|frame|framework|spindle|spool
枢,N1,center of things|door|hinge|pivot
架,N1,construct|erect|frame|mount|shelf|support
柄,N1,build|character|crank|design|grip|handle|knob|nature|pattern|shaft
柊,N1,holly
某,N1,a certain|one|so-and-so|that person
染,N1,color|dye|paint|print|stain
柚,N1,citron
柳,N1,willow
柾,N1,(kokuji)|spindle tree|straight grain
栓,N1,bolt|bung|cork|plug|stopper
栗,N1,chestnut
栞,N1,bookmark|guidebook
株,N1,counter for small plants|shares|stock|stocks|stump
核,N1,core|kernel|nucleus
栽,N1,plantation|planting
桂,N1,Japanese Judas-tree|cinnamon tree
桃,N1,peach
案,N1,bench|draft|expectation|fear|idea|plan|ponder|proposition|suggestion|table|worry
桐,N1,paulownia
桑,N1,mulberry
桜,N1,cherry
桟,N1,bolt (door)|cleat|frame|jetty|scaffold
梅,N1,plum
梓,N1,catalpa tree|woodblock printing
梢,N1,treetops|twig
梧,N1,Chinese parasol tree|phoenix tree
梨,N1,pear tree
棄,N1,abandon|discard|reject|resign|sacrifice|throw away
棋,N1,Japanese chess|chess piece|shogi
棚,N1,ledge|mantle|mount|rack|shelf|trellis
棟,N1,ridge|ridgepole
棺,N1,casket|coffin
椋,N1,grey starling|type of deciduous tree
椎,N1,chinquapin|mallet|spine
検,N1,examination|investigate
椰,N1,coconut tree
椿,N1,camellia
楊,N1,willow
楓,N1,maple
楠,N1,camphor tree
楼,N1,high building|lookout|watchtower
概,N1,approximation|condition|generally|outline
榛,N1,filbert|hazelnut
槙,N1,ornamental evergreen|twig
槻,N1,Zelkova tree
槽,N1,tank|tub|vat
標,N1,emblem|evidence|imprint|mark|seal|signpost|souvenir|stamp|symbol|target|trademark
模,N1,copy|imitation|mock
樹,N1,establish|set up|timber|trees|wood
樺,N1,birch|dark red
橘,N1,mandarin orange
檀,N1,cedar|sandalwood|spindle tree
欄,N1,blank|column|handrail|space
欣,N1,rejoice|take pleasure in
欺,N1,cheat|deceit|delude
欽,N1,long for|respect|revere
款,N1,article|collusion|friendship|goodwill|section
歓,N1,delight|joy
殉,N1,follow by resigning|martyrdom
殊,N1,especially|exceptionally|particularly
殖,N1,augment|increase|multiply|raise
殴,N1,assault|beat|hit|thrash
殻,N1,husk|nut shell
毅,N1,strong
毬,N1,ball|burr
氏,N1,clan|family name|surname
汁,N1,broth|gravy|juice|pus|sap|soup
汐,N1,eventide|opportunity|salt water|tide
江,N1,bay|creek|inlet
汰,N1,filtering|luxury|sieving|washing|weeding out
汽,N1,steam|vapor
沖,N1,offing|open sea|rise high into sky
沙,N1,sand
没,N1,die|disappear|drown|fall into|hide|sink
沢,N1,brilliance|grace|marsh|swamp
沼,N1,bog|lake|marsh|pond|swamp
沿,N1,follow along|lie along|run along|run alongside
泌,N1,flow|ooze|penetrate|secrete|soak in
泡,N1,bubbles|foam|froth|suds
泣,N1,cry|moan|weep
泰,N1,Thailand|calm|easy|excessive|extreme|great|peace|peaceful
洞,N1,cave|den|excavation
津,N1,ferry|harbor|haven|port
洪,N1,deluge|flood|vast
洲,N1,continent|country|island|sandbar
洵,N1,alike|truth
洸,N1,sparkling water
派,N1,clique|faction|group|party|school|sect
浄,N1,Manchu Dynasty|clean|cleanse|exorcise|purify
浜,N1,beach|seacoast|seashore
浦,N1,bay|beach|creek|gulf|inlet|seacoast
浩,N1,abundance|vigorous|wide expanse
浪,N1,billows|reckless|unrestrained|wandering|waves
浸,N1,dip|dunk|immersed|moisten|soak|steep|wet
涯,N1,bound|horizon|limit|shore
淑,N1,gentle|graceful|pure
淡,N1,faint|fleeting|pale|thin
淳,N1,pure
添,N1,accompany|annexed|append|attach|garnish|imitate|marry|meet|satisfy|suit
渇,N1,dry up|parch|thirst
渉,N1,ferry|ford|go cross|import|involve|transit
渋,N1,astringent|have diarrhea|hesitate|reluctant
渓,N1,mountain stream|valley
渚,N1,beach|shore|strand
渥,N1,kindness|moisten
渦,N1,eddy|vortex|whirlpool
湧,N1,boil|breed|ferment|seethe|uproar
源,N1,origin|source
溝,N1,10**32|ditch|drain|gutter|sewer
滅,N1,destroy|overthrow|perish|ruin
滉,N1,deep and broad (water)
滋,N1,be luxuriant|more & more|nourishing|planting|turbidity
滑,N1,fail exam|slide|slip|slippery
滝,N1,cascade|rapids|waterfall
滞,N1,arrears|be delayed|overdue|stagnate
漂,N1,drift|float (on liquid)
漆,N1,lacquer|seven|varnish
漏,N1,escape|leak|time
漠,N1,desert|obscure|vague|wide
漫,N1,cartoon|corrupt|in spite of oneself|involuntarily|unrestrained
漬,N1,moisten|pickling|soak|steep
漱,N1,gargle|rinse mouth
漸,N1,barely|finally|gradually advancing|steadily
潔,N1,clean|gallant|pure|righteous|undefiled
潜,N1,conceal|hide|hush|lower (voice)|submerge
潟,N1,lagoon
潤,N1,be watered|charm|favor|profit by|receive benefits|steep|wet
潮,N1,opportunity|salt water|tide
澄,N1,be clear|clarify|clear|look grave|lucidity|settle|strain
澪,N1,shipping channel|water route
激,N1,chafe|enraged|get excited|incite|violent
濁,N1,impurity|nigori|uncleanness|voiced|wrong
濫,N1,excessive|overflow|spread out
瀬,N1,current|rapids|shallows|shoal|torrent
災,N1,calamity|curse|disaster|evil|woe
炉,N1,furnace|hearth|kiln|reactor
炊,N1,boil|cook
炎,N1,blaze|flame|inflammation
為,N1,advantage|as a result of|be of use|benefit|change|cost|do|good|make|practice|reach to|serve as|try|welfare
烈,N1,ardent|extreme|furious|severe|vehement|violent
焦,N1,burn|char|hurry|impatient|irritate|scorch|singe
煩,N1,annoy|anxiety|ill|irksome|nuisance|pain|trouble|worry
煮,N1,boil|cook
熊,N1,bear
熙,N1,bright|merry|prosperous|sunny
熟,N1,acquire skill|mature|mellow|ripen
燎,N1,bonfire|burn
燦,N1,brilliant
燿,N1,shine
爵,N1,baron|court rank|peerage
爽,N1,bracing|clear|refreshing|resonant|sweet
爾,N1,second person|thou|you
牧,N1,breed|care for|feed|pasture|shepherd
牲,N1,animal sacrifice|offering
犠,N1,sacrifice
狂,N1,confuse|crazy|insane|lunatic
狩,N1,gather|hunt|raid
独,N1,Germany|alone|single|spontaneously
狭,N1,contract|cramped|narrow|tight
猛,N1,become furious|fierce|rave|rush|strength|wildness
猟,N1,bag|game|game-hunting|shooting
猪,N1,boar
献,N1,counter for drinks|offer|offering|present
猶,N1,furthermore|still|yet
猿,N1,monkey
獄,N1,jail|prison
獣,N1,animal|beast
獲,N1,able to|acquire|can|earn|find|get|may|seize
玄,N1,black|deep|mysterious|occultness|profound
率,N1,%|command|factor|lead|proportion|rate|ratio|spearhead
玖,N1,beautiful black jewel|nine
玲,N1,sound of jewels
珠,N1,gem|jewel|pearl
班,N1,corps|group|squad|unit
琉,N1,gem|lapis lazuli|precious stone
琢,N1,polish
琳,N1,jewel|tinkling of jewelry
琴,N1,harp|koto
瑚,N1,ancestral offering receptacle|coral
瑛,N1,crystal|sparkle of jewelry
瑞,N1,congratulations
瑠,N1,lapis lazuli
瑳,N1,artful smile|brilliant white luster of a gem|polish
瑶,N1,beautiful as a jewel
璃,N1,glassy|lapis lazuli
環,N1,circle|loop|ring
甚,N1,exceedingly|great|tremendously|very
甫,N1,for the first time|not until
甲,N1,A grade|armor|carapace|first class|former|high (voice)|instep
畔,N1,levee|paddy ridge
畝,N1,furrow|rib|ridge|thirty tsubo
異,N1,curious|different|queerness|strangeness|uncommon|unusual|wonderful
疎,N1,alienate|neglect|penetrate|rough|shun|sparse
疫,N1,epidemic
疾,N1,rapidly
症,N1,illness|symptoms
痘,N1,pox|smallpox
痢,N1,diarrhea
痴,N1,foolish|stupid
癒,N1,cure|healing|quench (thirst)|wreak
癖,N1,fault|habit|kink|mannerism|trait|vice
皇,N1,emperor
皐,N1,shore|swamp
皓,N1,clear|white
盆,N1,basin|lantern festival|tray
益,N1,advantage|benefit|gain|profit
盛,N1,boom|copulate|prosper
盟,N1,alliance|oath
監,N1,administer|govt office|official|oversee|rule
盤,N1,board|phonograph record|platter|shallow bowl|tray|tub
盲,N1,blind|blind man|ignoramus
盾,N1,escutcheon|pretext|shield
眉,N1,eyebrow
看,N1,see|watch over
眸,N1,pupil of the eye
眺,N1,look at|scrutinize|see|stare|watch
眼,N1,eyeball
睡,N1,die|drowsy|sleep
督,N1,coach|command|lead|supervise|urge
睦,N1,friendly|harmonious|intimate
瞬,N1,blink|twinkle|wink
瞭,N1,clear
瞳,N1,pupil (of eye)
矛,N1,arms|festival float|halberd
矢,N1,arrow|dart
矯,N1,control|correct|cure|falsify|pretend|rectify|reform|straighten
砕,N1,break|crush|familiar|popular|smash
砲,N1,cannon|gun
硝,N1,nitrate|saltpeter
硫,N1,sulphur
碁,N1,Go
碑,N1,monument|tombstone
碧,N1,blue|green
碩,N1,eminent|great|large
磁,N1,magnet|porcelain
磯,N1,beach|seashore
礁,N1,reef|sunken rock
礎,N1,cornerstone|foundation stone
祉,N1,happiness|welfare
祐,N1,help
祥,N1,auspicious|blessedness|good fortune|good omen|happiness
票,N1,ballot|label|sign|ticket
禄,N1,allowance|fief|grant|happiness|pension
禅,N1,Zen|silent meditation
禍,N1,calamity|curse|evil|misfortune
禎,N1,auspicious|blessed|good fortune|happiness
秀,N1,beauty|excel|excellence|surpass
秘,N1,conceal|secret
租,N1,borrowing|crop tax|tariff
秦,N1,Manchu dynasty|name given to naturalized foreigners
秩,N1,order|regularity|salary
称,N1,admire|appellation|fame|name|praise|title
稀,N1,dilute (acid)|phenomenal|rare
稔,N1,harvest|ripen
稚,N1,immature|young
稜,N1,angle|corner|edge|majesty|power
稲,N1,rice plant
稼,N1,earn money|earnings|work
稿,N1,copy|draft|manuscript|straw
穀,N1,cereals|grain
穂,N1,crest (wave)|ear|ear (grain)|head
穏,N1,calm|moderation|quiet
穣,N1,10**28|good crops|prosperity
穫,N1,harvest|reap
穴,N1,aperture|cave|den|hole|slit
窃,N1,hushed|private|secret|steal|stealth
窒,N1,obstruct|plug up
窮,N1,cornered|destitute|hard up|perplexed|suffer
窯,N1,furnace|kiln|oven
竜,N1,dragon|imperial
竣,N1,end|finish
端,N1,border|cape|edge|end|origin|point|verge
笙,N1,a reed instrument
笛,N1,bagpipe|clarinet|flute|piccolo|pipe|whistle
第,N1,No.|residence
笹,N1,(kokuji)|bamboo grass
筋,N1,descent|fiber|muscle|plan|plot|sinew|tendon
策,N1,means|plan|policy|scheme|step
箇,N1,counter for articles
節,N1,clause|honor|joint|knob|knot|knuckle|melody|node|occasion|period|season|stanza|tune|verse
範,N1,example|model|pattern
篤,N1,cordial|deliberate|fervent|kind|serious
簿,N1,record book|register
粋,N1,chic|choice|cream|elite|essence|pith|purity|style
粗,N1,coarse|rough|rugged
粘,N1,glutinous|greasy|persevere|sticky
粛,N1,quietly|softly|solemn
糖,N1,sugar
糧,N1,bread|food|provisions
系,N1,lineage|system
糾,N1,ask|investigate|twist|verify
紀,N1,account|annals|chronicle|geologic period|history|narrative
紋,N1,family crest|figures
納,N1,obtain|pay|reap|settlement|store|supply
紗,N1,gauze|gossamer
紘,N1,large
級,N1,class|grade|rank
紛,N1,be mistaken for|distract|divert|go astray
素,N1,elementary|naked|principle|uncovered
紡,N1,spinning
索,N1,cord|inquiring|rope|searching
紫,N1,purple|violet
紬,N1,pongee (a knotted silk cloth)
累,N1,accumulate|continually|involvement|tie up|trouble
紳,N1,gentleman|good belt|sire
紺,N1,dark blue|navy
絃,N1,cord|samisen music|string
結,N1,bind|contract|do up hair|fasten|join|organize|tie
絞,N1,constrict|strangle|wring
絢,N1,brilliant fabric design
統,N1,governing|overall|relationship|ruling
絹,N1,silk
継,N1,continue|graft (tree)|inherit|patch|succeed
綜,N1,rule|synthesize
維,N1,fiber|rope|tie
綱,N1,cable|class (genus)|cord|hawser|rope
網,N1,netting|network
綸,N1,silk cloth|thread
綺,N1,beautiful|figured cloth
綾,N1,design|figured cloth|twill
緊,N1,hard|reliable|solid|tense|tight
緋,N1,cardinal|scarlet
締,N1,fasten|lock|shut|tie|tighten
緩,N1,be moderate|ease|lessen|loosen|relax|slacken
緯,N1,(parallels of) latitude|horizontal|left & right|prediction|woof
縁,N1,affinity|border|brink|connection|edge|relation|verge
縄,N1,cord|straw rope
縛,N1,arrest|bind|restrain|tie|truss
縦,N1,height|length|self-indulgent|vertical|wayward
縫,N1,embroider|sew|stitch
縮,N1,contract|reduce|shrink|shrivel|wrinkle
繁,N1,complexity|frequency|luxuriant|overgrown|thick|trouble
繊,N1,fine|slender|thin kimono
織,N1,fabric|weave
繕,N1,adjust|darning|mend|repair|tidy up|trim
繭,N1,cocoon
繰,N1,look up|reel|refer to|spin|turn (pages)|winding
罰,N1,penalty|punishment
罷,N1,go|leave|quit|stop|withdraw
羅,N1,Rome|arrange|gauze|spread out|thin silk
羊,N1,sheep
義,N1,honor|justice|loyalty|meaning|morality|righteousness
翁,N1,venerable old man
翔,N1,fly|soar
翠,N1,green|kingfisher
翻,N1,change (mind)|flip|flutter|turn over|wave
翼,N1,flank|plane|wing
耀,N1,gleam|shine|sparkle|twinkle
耐,N1,-proof|enduring
耗,N1,decrease
耶,N1,question mark
聖,N1,holy|master|priest|sage|saint
聡,N1,fast learner|wise
聴,N1,careful inquiry|headstrong|listen|naughty
肇,N1,beginning
肖,N1,resemblance
肝,N1,chutzpah|liver|nerve|pluck
肢,N1,arms & legs|limb
肥,N1,fertile|fertilizer|get fat|manure|pamper
肪,N1,fat|obese
肺,N1,lungs
胆,N1,courage|gall bladder|nerve|pluck
胎,N1,uterus|womb
胞,N1,placenta|sac|sheath
胡,N1,barbarian|foreign
胤,N1,descendent|issue|offspring
胴,N1,hub of wheel|hull (ship)|torso|trunk
脅,N1,coerce|threaten
脈,N1,hope|pulse|vein
脚,N1,base|leg|lower part|skids|undercarriage
脩,N1,dried meat
脱,N1,be left out|escape from|get rid of|removing|take off|undress
脹,N1,bulge|dilate|distend|fill out|swell
腐,N1,decay|rot|sour
腸,N1,bowels|guts|intestines|viscera
膜,N1,membrane
膨,N1,get fat|swell|thick
臨,N1,attend|call on|confront|face|look to|meet
臭,N1,be bright|be fragrant|fragrance|glow|ill-smelling|odor|savor|stink|stinking|suspicious looking
至,N1,arrive|attain|climax|proceed|reach|result in
致,N1,cause|do|doth|engage|exert|forward|incur|send
興,N1,entertain|interest|pleasure|retrieve|revive
舌,N1,clapper|reed|tongue
舎,N1,cottage|house|hut|inn|mansion
舗,N1,pave|shop|store
舜,N1,althea|rose of Sharon|type of morning glory
舶,N1,
艇,N1,rowboat|small boat
艦,N1,warship
艶,N1,captivating|charm|colorful|glaze|glossy|luster|polish
芋,N1,potato
芙,N1,Mt Fuji|lotus
芝,N1,lawn|turf
芳,N1,balmy|favorable|fragrant|perfume
芹,N1,parsley
芽,N1,bud|germ|spear|sprout
苑,N1,farm|garden|park
苗,N1,sapling|seedling|shoot
茂,N1,be luxuriant|grow thick|overgrown
茄,N1,eggplant
茅,N1,miscanthus reed
茉,N1,jasmine
茎,N1,stalk|stem
茜,N1,Turkey red|madder|red dye
荘,N1,cottage|dignified|feudal manor|inn|solemn|villa
莉,N1,jasmine
莞,N1,reed used to cover tatami|smiling
菊,N1,chrysanthemum
菌,N1,bacteria|fungus|germ
菖,N1,iris
菫,N1,the violet
華,N1,flower|gay|gorgeous|luster|ostentatious|petal|shine|showy|splendor
萌,N1,bud|malt|show symptoms of|sprout
萩,N1,bush clover
葬,N1,bury|interment|shelve
葵,N1,hollyhock
蒔,N1,sow (seeds)
蒼,N1,blue|pale
蓄,N1,amass|hoard|raise|store
蓉,N1,lotus
蓮,N1,lotus
蔦,N1,ivy|vine
蕉,N1,banana|plantain
蕗,N1,bog rhubarb|butterbur
薦,N1,advise|encourage|mat|offer|recommend
薪,N1,firewood|fuel|kindling
薫,N1,be scented|fragrant|send forth fragrance|smoke (tobacco)
藍,N1,indigo
藤,N1,wisteria
藩,N1,clan|enclosure
藻,N1,duckweed|seaweed
蘭,N1,Holland|orchid
虎,N1,drunkard|tiger
虐,N1,oppress|tyrannize
虚,N1,crack|emptiness|fissure|unpreparedness|untruth|void
虜,N1,barbarian|captive|low epithet for the enemy
虞,N1,anxiety|concern|consideration|expectation|fear|uneasiness
虹,N1,rainbow
蚊,N1,mosquito
蚕,N1,silkworm
蛇,N1,hard drinker|serpent|snake
蛍,N1,firefly|lightning-bug
蛮,N1,barbarian
蝶,N1,butterfly
融,N1,dissolve|melt
衆,N1,great numbers|masses|multitude|populace
街,N1,boulevard|street|town
衛,N1,defense|protection
衝,N1,brunt|collide|highway|opposition (astronomy)|pierce|prick|stab|thrust
衡,N1,equilibrium|measuring rod|scale
衰,N1,decline|wane|weaken
衷,N1,heart|inmost|inside|mind
衿,N1,collar|lapel|neck
袈,N1,a coarse camlet
裁,N1,cut out (pattern)|decision|judge|tailor
裂,N1,rend|split|tear
裕,N1,abundant|fertile|rich
裟,N1,Buddhist surplice
裸,N1,naked|nude|partially clothed|uncovered
製,N1,made in...|manufacture
褐,N1,brown|woollen kimono
褒,N1,extol|praise
襟,N1,collar|lapel|neck|one's inner feelings
襲,N1,advance on|attack|heap|pile|succeed to
覆,N1,be ruined|capsize|cover|mantle|shade
覇,N1,champion|hegemony|leadership|supremacy
視,N1,inspection|look at|regard as|see
覧,N1,perusal|see
訂,N1,correct|decide|revise
討,N1,attack|chastise|conquer|defeat|destroy
託,N1,consign|entrusting with|hint|pretend|requesting
訟,N1,accuse|sue
訳,N1,case|circumstance|reason|translate
訴,N1,accusation|appeal to|complain of pain|sue
診,N1,checkup|diagnose|examine|seeing
証,N1,certificate|evidence|proof
詐,N1,deceive|falsehood|lie|pretend
詔,N1,imperial edict
評,N1,comment|criticism|evaluate
詠,N1,composing|poem|recitation|song
詢,N1,consult with
詩,N1,poem|poetry
該,N1,above-stated|that specific|the said
詳,N1,accurate|detailed|full|minute|well-informed
誇,N1,be proud|boast|pride|triumphantly
誉,N1,glory|honor|praise|reputation
誓,N1,pledge|swear|vow
誕,N1,be arbitrary|be born|declension|lie|nativity
誘,N1,allure|ask|call for|entice|invite|lead|seduce|tempt
誠,N1,admonish|fidelity|prohibit|sincerity|truth|warn
誼,N1,friendship|intimacy
諄,N1,tedious
請,N1,ask|invite|solicit
諒,N1,appreciate|fact|reality|understand
諭,N1,admonish|charge|persuade|rebuke|warn
諮,N1,consult with
諾,N1,agreement|assent|consent
謀,N1,cheat|conspire|deceive|devise|have in mind|impose on|plan|scheme
謁,N1,audience|audience (with king)
謄,N1,copy|mimeograph
謙,N1,be modest|condescend|humble oneself|self-effacing
謝,N1,apologize|refuse|thank
謡,N1,ballad|noh chanting|sing|song
謹,N1,discreet|humbly|reverently
譜,N1,genealogy|music|musical score|note|staff|table
譲,N1,convey|defer|transfer|turnover
護,N1,protect|safeguard
豆,N1,beans|midget|pea
豚,N1,pig|pork
豪,N1,Australia|excelling|great|overpowering|powerful
貞,N1,chastity|constancy|righteousness|upright
貢,N1,finance|support|tribute
貫,N1,8 1/3lbs|brace|penetrate|pierce
貴,N1,esteem|honor|precious|prize|value
賀,N1,congratulations|joy
賃,N1,charge|fare|fee|hire|rent|wages
賄,N1,board|bribe|finance|supply
賊,N1,burglar|rebel|robber|traitor
賓,N1,V.I.P.|guest
賜,N1,boon|gift|grant|results
賠,N1,compensation|indemnify
賦,N1,installment|levy|ode|poem|prose|tribute
購,N1,buy|subscription
赦,N1,forgiveness|pardon
赳,N1,strong and brave
赴,N1,become|get|proceed|tend
趣,N1,become|elegance|gist|interest|proceed to|purport|tend
距,N1,fetlock|long-distance|spur
跳,N1,buck|hop|jerk|leap up|prance|snap|splash|spring|sputter
践,N1,carry through|practice|step on|trample|tread
踏,N1,appraise|carry through|evade payment|step|trample
躍,N1,dance|leap|skip
軌,N1,model|rut|track|way of doing|wheel
軸,N1,axis|counter for book scrolls|pivot|stalk|stem
較,N1,compare|contrast
載,N1,10**44|board|get on|place|publish|record|ride|spread
輔,N1,help
輝,N1,gleam|radiance|shine|sparkle|twinkle
輩,N1,companions|comrade|fellow|people
轄,N1,control|wedge
辰,N1,7-9AM|fifth sign of Chinese zodiac|shin dragon radical (no. 161)|sign of the dragon
辱,N1,embarrass|humiliate|shame
迅,N1,fast|swift
迪,N1,edify|path|way
迫,N1,force|imminent|spur on|urge
迭,N1,alternation|transfer
透,N1,filter|penetrate|permeate|transparent
逐,N1,accomplish|attain|chase|commit|drive away|pursue
逓,N1,in turn|relay|sending
逝,N1,departed|die
逮,N1,apprehend|chase
逸,N1,deviate|diverge|elude|evade|idleness|leisure|miss the mark|parry
遂,N1,accomplish|attain|commit (suicide)|consummate
遇,N1,deal with|encounter|entertain|interview|meet|receive|treat
遍,N1,everywhere|generally|times|widely
遣,N1,despatch|dispatch|do|donate|give|send|undertake
遥,N1,distant|far off|long ago
遭,N1,association|encounter|interview|join|meet|party
遮,N1,intercept|interrupt|obstruct
遵,N1,abide by|follow|learn|obey
遷,N1,change|move|transition
遺,N1,bequeath|leave behind|reserve
遼,N1,distant
避,N1,avert|avoid|evade|shirk|shun|ward off
還,N1,return|send back
邑,N1,right village radical (no. 163)|rural community|village
那,N1,what?
邦,N1,Japan|country|home country
邪,N1,injustice|wicked|wrong
邸,N1,mansion|residence
郁,N1,cultural progress|perfume
郎,N1,counter for sons|son
郡,N1,county|district
郭,N1,enclosure|fortification|quarters|red-light district
郷,N1,district|home town|native place|village
酉,N1,5-7PM|bird|sake radical (no. 164)|sign of the bird|tenth sign of Chinese zodiac|west
酌,N1,bar-tending|draw (water)|ladle|pump|scoop|serving sake|the host
酔,N1,drunk|elated|feel sick|poisoned|spellbound
酢,N1,acid|sour|tart|vinegar
酪,N1,broth|dairy products|fruit juice|whey
酬,N1,repay|retribution|reward
酵,N1,fermentation
酷,N1,atrocious|cruel|severe|unjust
酸,N1,acid|bitterness|sour|tart
醜,N1,bad looking|shame|ugly|unclean
醸,N1,brew|cause
采,N1,appearance|coloring|dice|form|gather|take
釈,N1,explanation
釣,N1,allure|angling|catch|ensnare|fish
鈴,N1,buzzer|small bell
鉛,N1,lead
鉢,N1,bowl|crown|pot|rice tub
銃,N1,arms|gun
銑,N1,pig iron
銘,N1,inscription|signature (of artisan)
銭,N1,.01 yen|coin|money
鋳,N1,casting|mint
鋼,N1,steel
錘,N1,plumb bob|sinker|spindle|weight
錠,N1,fetters|lock|shackles
錦,N1,brocade|fine dress|honors
錬,N1,drill|polish|refine|tempering|train
錯,N1,be in disorder|confused|mix
鍛,N1,discipline|forge|train
鎌,N1,scythe|sickle|trick
鎖,N1,chain|connection|irons
鎮,N1,ancient peace-preservation centers|tranquilize
鏡,N1,barrel-head|mirror|round rice-cake offering|speculum
鐘,N1,bell|chimes|gong
鑑,N1,learn from|specimen|take warning from
閑,N1,leisure
閣,N1,palace|tall building|tower
閥,N1,
閲,N1,inspection|review|revision
闘,N1,fight|war
阻,N1,deter|impede|obstruct|prevent|separate from|thwart
阿,N1,Africa|corner|fawn upon|flatter|nook|recess
附,N1,affixed|append|attach|refer to
陛,N1,highness|steps (of throne)
陣,N1,battle array|brief time|camp|position|ranks|sudden
陥,N1,cave in|collapse|fall (castle)|fall into|slide into
陪,N1,accompany|attend on|follow|obeisance
陰,N1,negative|secret|sex organs|shade|shadow|yin
陳,N1,exhibit|explain|relate|state
陵,N1,hill|imperial tomb|mausoleum|mound
陶,N1,porcelain|pottery
隆,N1,high|hump|noble|prosperity
隊,N1,company|party|regiment|squad
随,N1,all|at the mercy of (the waves)|both|comply|during|follow|notwithstanding|obey|submit to|though|while
隔,N1,alternate|distance|gulf|isolate|separate
障,N1,harm|hinder|hurt
隠,N1,conceal|cover|hide
隣,N1,neighboring
隷,N1,criminal|follower|prisoner|servant|slave
隼,N1,falcon
雄,N1,excellence|hero|leader|male|masculine|superiority
雅,N1,elegant|graceful|gracious|refined
雌,N1,female|feminine
雛,N1,chick|doll|duckling|squab
離,N1,detach|digress|disjoin|separation
雰,N1,atmosphere|fog
雷,N1,lightning bolt|thunder
需,N1,demand|need|request
霊,N1,soul|spirits
霜,N1,frost
霞,N1,be hazy|blurred|grow dim
霧,N1,fog|mist
露,N1,Russia|dew|expose|tears
靖,N1,peaceful
鞠,N1,ball
韻,N1,elegance|rhyme|tone
響,N1,echo|resound|ring|sound|vibrate
項,N1,clause|item|nape of neck|paragraph|term (expression)
須,N1,by all means|necessarily|ought
頌,N1,eulogy
頑,N1,firmly|foolish|stubborn
頒,N1,disseminate|distribute|partition|understand
頻,N1,recur|repeatedly
顕,N1,appear|existing
顧,N1,examine oneself|look back|review|turn around
颯,N1,quick|sound of the wind|sudden
飢,N1,hungry|starve
飼,N1,domesticate|feed|keep|raise
飽,N1,bored|sated|satiate|tired of
飾,N1,adorn|decorate|embellish|ornament
養,N1,bring up|develop|foster|nurture|rear
餓,N1,hungry|starve|thirst
馨,N1,balmy|favourable|fragrant
駄,N1,burdensome|horse load|pack horse|send by horse|trivial|worthless
駆,N1,advance|drive|gallop|impel|inspire|run
駒,N1,colt|horse|pony
駿,N1,a fast person|a good horse|speed
騎,N1,counter for equestrians|equestrian|riding on horses
騒,N1,boisterous|clamor|disturb|excite|make noise
騰,N1,advancing|going|jumping up|leaping up|rising
驚,N1,amazed|be surprised|frightened|wonder
髄,N1,essence|marrow|pith
鬼,N1,devil|ghost
魁,N1,charging ahead of others
魂,N1,soul|spirit
魅,N1,bewitch|charm|fascination
魔,N1,demon|evil spirit|witch
鮎,N1,freshwater trout|smelt
鮮,N1,Korea|brilliant|clear|fresh|vivid
鯉,N1,carp
鯛,N1,red snapper|sea bream
鯨,N1,whale
鳩,N1,dove|pigeon
鳳,N1,male mythical bird
鴻,N1,great|large|large bird|powerful|prosperous|wild goose
鵬,N1,phoenix
鶏,N1,chicken
鶴,N1,crane|stork
鷹,N1,hawk
鹿,N1,deer
麗,N1,beautiful|graceful|lovely|resplendent
麟,N1,Chinese unicorn|bright|genius|giraffe|shining
麻,N1,flax|hemp|numb
麿,N1,(kokuji)|I|you
黎,N1,black|dark|many
黙,N1,become silent|leave as is|silence|stop speaking
黛,N1,blackened eyebrows
鼓,N1,beat|drum|muster|rouse